{
    "id": 1,
    "method": "notice-event",
   
            "taskArea": [
                            [
                                121.66473222,
                                38.85573388
                            ],
                            [
                                121.71089122,
                                38.85573388
                            ],
                            [
                                121.71940282,
                                38.82943606
                            ],
                            [
                                121.71940282,
                                38.79479375
                            ],
                            [
                                121.70958175,
                                38.76925451
                            ],
                            [
                                121.66505958,
                                38.76925451
                            ],
                            [
                                121.65572957,
                                38.79441445
                            ],
                            [
                                121.65572957,
                                38.82791887
                            ],
                            [
                                121.66473222,
                                38.85573388
                            ]
            ],
            "vesPostion":{
                "position1": [121.65377598, 38.82595636],
                "position2": [121.65377598, 38.82305520],
                "position3": [121.65377598, 38.81996062],
                "position4": [121.65377598, 38.81709814],
                "position5": [121.65377598, 38.81431302],
                "position6": [121.65377598, 38.81152791],
                "position7": [121.65377598, 38.80847201],
                "position8": [121.65377598, 38.80557085]
            },
            "targets": [
                {
                    "id" : 1,
                    "coord": [121.66111478389999, 38.805913105872833],
                    "angle": 60,
                    "restCheck" : 3
                },
                {
                    "id" : 2,
                    "coord": [121.71429605931525, 38.816378517234796],
                    "angle": 210,
                    "restCheck" : 4
                },
                {
                    "id" : 3,
                    "coord": [121.66970109072057, 38.852307347659718],
                    "angle": 105,
                    "restCheck" : 4
                },
                {
                    "id" : 4,
                    "coord": [121.68604831104761, 38.845092037001393],
                    "angle": 135,
                    "restCheck" : 5
                },
                {
                    "id" : 5,
                    "coord": [121.6707626024872, 38.776710579528583],
                    "angle": 30,
                    "restCheck" : 4
                },
                {
                    "id" : 6,
                    "coord": [121.69921100930935, 38.780974165685052],
                    "angle": 240,
                    "restCheck" : 3
                },
                {
                    "id" : 7,
                    "coord": [121.69708799459914, 38.803767989386017],
                    "angle": 120,
                    "restCheck" : 3
                },
                {
                    "id" : 8,
                    "coord": [121.66078442629077, 38.827873681556639],
                    "angle": 165,
                    "restCheck" : 4
                },
                {
                    "id" : 9,
                    "coord": [121.69814950636578, 38.831973290969444],
                    "angle": 15,
                    "restCheck" : 5
                },
                {
                    "id" : 10,
                    "coord": [121.67840545897317, 38.816230794368096],
                    "angle": 45,
                    "restCheck" : 4
                },
                {
                    "id" : 11,
                    "coord": [121.68243918339334, 38.791305184403939],
                    "angle": 75,
                    "restCheck" : 3
                },
                {
                    "id" : 12,
                    "coord": [121.71322291874901, 38.794256902090751],
                    "angle": 330,
                    "restCheck" : 4
                },
                {
                    "id" : 13,
                    "coord": [121.67522093249633, 38.835580942891085],
                    "angle": 60,
                    "restCheck" : 5
                },
                {
                    "id" : 14,
                    "coord": [121.68286379339384, 38.782286047784794],
                    "angle": 255,
                    "restCheck" : 4
                },
                {
                    "id" : 15,
                    "coord": [121.69475267930022, 38.821314311948186],
                    "angle": 180,
                    "restCheck" : 3
                },
                {
                    "id" : 16,
                    "coord": [121.70112172343084, 38.849519613531612],
                    "angle": 225,
                    "restCheck" : 5
                },
                {
                    "id" : 17,
                    "coord": [121.69117078844744, 38.772996503899321],
                    "angle": 285,
                    "restCheck" : 4
                },
                {
                    "id" : 18,
                    "coord": [121.66524676197139, 38.790601531239759],
                    "angle": 120,
                    "restCheck" : 5
                },
                {
                    "id" : 19,
                    "coord": [121.6795136756341, 38.803099747183978],
                    "angle": 75,
                    "restCheck" : 4
                },
                {
                    "id" : 20,
                    "coord": [121.69726032670366, 38.793423708593934],
                    "angle": 150,
                    "restCheck" : 4
                },
                {
                    "id" : 21,
                    "coord": [121.70839548464096, 38.838847345176987],
                    "angle": 300,
                    "restCheck" : 5
                },
                {
                    "id" : 22,
                    "coord": [121.66663865781643, 38.816269912713494],
                    "angle": 90,
                    "restCheck" : 4
                },
                {
                    "id" : 23,
                    "coord": [121.7002181004114, 38.812372621474879],
                    "angle": 270,
                    "restCheck" : 5
                },
                {
                    "id" : 24,
                    "coord": [121.67812178420058, 38.826617900888834],
                    "angle": 285,
                    "restCheck" : 4
                },
                {
                    "id" : 25,
                    "coord": [121.71204920406547, 38.80605631718123],
                    "angle": 240,
                    "restCheck" : 5
                },
                {
                    "id" : 26,
                    "coord": [121.66502627357841, 38.84108488727361],
                    "angle": 180,
                    "restCheck" : 3
                },
                {
                    "id" : 27,
                    "coord": [121.71622402252871, 38.825370693544812],
                    "angle": 255,
                    "restCheck" : 4
                },
                {
                    "id" : 28,
                    "coord": [121.66338629520476, 38.784079916968153],
                    "angle": 60,
                    "restCheck" : 5
                },
                {
                    "id" : 29,
                    "coord": [121.70796813066727, 38.782007407946821],
                    "angle": 240,